dataset,attr_to_inst,best_node.kurtosis,best_node.mean,best_node.sd,best_node.skewness,c1,c2,can_cor.kurtosis,can_cor.mean,can_cor.sd,can_cor.skewness,cat_to_num,cls_coef,cohesiveness.kurtosis,cohesiveness.mean,cohesiveness.sd,cohesiveness.skewness,conceptvar.kurtosis,conceptvar.mean,conceptvar.sd,conceptvar.skewness,cor.kurtosis,cor.mean,cor.sd,cor.skewness,cov.kurtosis,cov.mean,cov.sd,cov.skewness,density,eigenvalues.kurtosis,eigenvalues.mean,eigenvalues.sd,eigenvalues.skewness,elite_nn.kurtosis,elite_nn.mean,elite_nn.sd,elite_nn.skewness,f1.kurtosis,f1.mean,f1.sd,f1.skewness,f1v.kurtosis,f1v.mean,f1v.sd,f1v.skewness,f2.kurtosis,f2.mean,f2.sd,f2.skewness,f3.kurtosis,f3.mean,f3.sd,f3.skewness,f4.kurtosis,f4.mean,f4.sd,f4.skewness,freq_class.kurtosis,freq_class.mean,freq_class.sd,freq_class.skewness,g_mean.kurtosis,g_mean.mean,g_mean.sd,g_mean.skewness,gravity,h_mean.kurtosis,h_mean.mean,h_mean.sd,h_mean.skewness,hubs.kurtosis,hubs.mean,hubs.sd,hubs.skewness,impconceptvar.kurtosis,impconceptvar.mean,impconceptvar.sd,impconceptvar.skewness,inst_to_attr,iq_range.kurtosis,iq_range.mean,iq_range.sd,iq_range.skewness,kurtosis.kurtosis,kurtosis.mean,kurtosis.sd,kurtosis.skewness,l1.kurtosis,l1.mean,l1.sd,l1.skewness,l2.kurtosis,l2.mean,l2.sd,l2.skewness,l3.kurtosis,l3.mean,l3.sd,l3.skewness,leaves,leaves_branch.kurtosis,leaves_branch.mean,leaves_branch.sd,leaves_branch.skewness,leaves_corrob.kurtosis,leaves_corrob.mean,leaves_corrob.sd,leaves_corrob.skewness,leaves_homo.kurtosis,leaves_homo.mean,leaves_homo.sd,leaves_homo.skewness,leaves_per_class.kurtosis,leaves_per_class.mean,leaves_per_class.sd,leaves_per_class.skewness,lh_trace,linear_discr.kurtosis,linear_discr.mean,linear_discr.sd,linear_discr.skewness,lsc,mad.kurtosis,mad.mean,mad.sd,mad.skewness,max.kurtosis,max.mean,max.sd,max.skewness,mean.kurtosis,mean.mean,mean.sd,mean.skewness,median.kurtosis,median.mean,median.sd,median.skewness,min.kurtosis,min.mean,min.sd,min.skewness,n1,n2.kurtosis,n2.mean,n2.sd,n2.skewness,n3.kurtosis,n3.mean,n3.sd,n3.skewness,n4.kurtosis,n4.mean,n4.sd,n4.skewness,naive_bayes.kurtosis,naive_bayes.mean,naive_bayes.sd,naive_bayes.skewness,nodes,nodes_per_attr,nodes_per_inst,nodes_per_level.kurtosis,nodes_per_level.mean,nodes_per_level.sd,nodes_per_level.skewness,nodes_repeated.kurtosis,nodes_repeated.mean,nodes_repeated.sd,nodes_repeated.skewness,nr_attr,nr_bin,nr_cat,nr_class,nr_cor_attr,nr_disc,nr_inst,nr_norm,nr_num,nr_outliers,num_to_cat,one_itemset.kurtosis,one_itemset.mean,one_itemset.sd,one_itemset.skewness,one_nn.kurtosis,one_nn.mean,one_nn.sd,one_nn.skewness,p_trace,random_node.kurtosis,random_node.mean,random_node.sd,random_node.skewness,range.kurtosis,range.mean,range.sd,range.skewness,roy_root,sd.kurtosis,sd.mean,sd.sd,sd.skewness,sd_ratio,skewness.kurtosis,skewness.mean,skewness.sd,skewness.skewness,sparsity.kurtosis,sparsity.mean,sparsity.sd,sparsity.skewness,t1.kurtosis,t1.mean,t1.sd,t1.skewness,t2,t3,t4,t_mean.kurtosis,t_mean.mean,t_mean.sd,t_mean.skewness,tree_depth.kurtosis,tree_depth.mean,tree_depth.sd,tree_depth.skewness,tree_imbalance.kurtosis,tree_imbalance.mean,tree_imbalance.sd,tree_imbalance.skewness,tree_shape.kurtosis,tree_shape.mean,tree_shape.sd,tree_shape.skewness,two_itemset.kurtosis,two_itemset.mean,two_itemset.sd,two_itemset.skewness,var.kurtosis,var.mean,var.sd,var.skewness,var_importance.kurtosis,var_importance.mean,var_importance.sd,var_importance.skewness,w_lambda,wg_dist.kurtosis,wg_dist.mean,wg_dist.sd,wg_dist.skewness,worst_node.kurtosis,worst_node.mean,worst_node.sd,worst_node.skewness,pre processing,algorithm
glass1.dat,0.04205607476635514,-0.003766264021344057,0.7205627705627705,0.07748964773961751,-0.8308000190342917,0.9385750889380636,0.1548751007252216,-3.0,0.3713525132695193,,0.0,0.0,0.9048360476213724,5.761984574299728,96.41238317757009,11.290955900138421,-2.5579726963350016,-1.6273079632435934,0.45849877841046793,0.1320031584769415,0.5788336845897225,0.6241415081950392,0.2145005711451013,0.1913006034839275,0.9879541506476167,8.169588672142192,0.11195735109813448,0.1791252232488866,2.5736057701421817,0.8392347856610065,0.07161816350915062,0.7027957880800734,1.0184055417543267,1.2308712304802796,-1.4389684954337798,0.632034632034632,0.10565983315096385,-0.2743372151026079,0.48968122283475246,0.9821128985083245,0.024309713230338217,-1.331215345456688,-3.0,0.5907449331914023,,0.0,-3.0,0.008188072304346187,,0.0,-3.0,0.897196261682243,,0.0,-3.0,0.6542056074766355,,0.0,-2.75,0.5,0.20486271230638292,-2.269833614646901e-16,2.194116176621983,10.864353847294728,23.6587259190119,1.922115093464205,0.7337593537670803,2.1968904334349775,10.840339983490288,23.662994550048772,1.9231358533758067,-1.1880668804873362,0.9587573443001284,0.05464332822591471,-0.7612032619721321,-1.2246514879847186,44.393691588785046,14.666698047391447,0.5731532805950879,23.77777777777778,-1.34411304114274,0.5719349205555555,0.5116533493682976,0.2992858598193665,1.9289411580635978,10.529736389580075,16.439553086596394,1.8182360663994137,-3.0,0.19195973238332953,,0.0,-3.0,0.35046728971962615,,0.0,-3.0,0.3691588785046729,,0.0,35,-1.1397415441868093,6.371428571428571,2.1704663945216707,0.253526109279717,5.604734828487707,0.028571428571428564,0.0451459661840753,2.5698484741165157,0.6751856603172199,931.4793650793649,1128.427384877828,1.4298920390423915,-2.75,0.5,0.060609152673132625,-7.000087826513397e-16,0.15996185972262988,0.588520728330181,0.583116883116883,0.12391845781381003,-1.1270279893558883,0.9614376801467377,-1.834733434299081,0.30090860801866626,0.28186058150495813,0.180290822882404,1.9383953568890453,14.263770000000001,23.725677360532828,1.8295950219422488,2.2214779243897853,11.266086894008307,23.475018632042453,1.9309971278827902,2.234821317897115,11.28990142888889,23.50184860746615,1.9351905884646237,2.3546887224231146,9.75235,22.815692515295257,1.9779513861126037,0.35046728971962615,-0.527182492526264,0.3663980945764019,0.1518332689671386,-0.3795496895776516,0.5465063580315714,0.18691588785046728,0.3907580479617286,1.5949567969496852,-0.8444286672225298,0.2616822429906542,0.44058110577170745,1.0767784615516744,-1.5899662702128845,0.5725108225108224,0.2141271440930524,0.5993346792786074,34,3.7777777777777777,0.1588785046728972,-1.387748724489796,3.4,1.577621275493231,0.16503146027600604,-1.6360485537190081,4.25,1.9820624179302297,0.276915414670335,9,0,0,2,0.05555555555555555,1,214,0.0,9,8,,15.211800477987033,0.225,0.12318203727381022,4.034034187529945,-1.2449216164366752,0.8132034632034632,0.12032006143010766,-0.4821281204797489,0.1379026891115885,-0.003766264021344057,0.7205627705627705,0.07748964773961751,-0.8308000190342917,-0.9296407165126057,4.511419999999999,3.305210378720241,0.3099184823500466,0.15996185972262988,-1.3414653070612317,0.6902660905079514,0.5045984308554771,0.23799239735563532,1.3096107127860697,-0.7962659924964952,1.7991123960848254,2.3459171262244816,0.5498721621210464,-1.0333725346332832,0.00911169090475367,0.0098400209090227,0.9318836971753697,33.84423568639449,0.024390243902439015,0.11001925463693144,5.905187044545873,0.04205607476635514,0.02336448598130841,0.5555555555555556,2.230335574491475,11.259835974974358,23.501920885509087,1.933798788511989,-0.7283021680018944,5.478260869565218,2.435090864666365,0.0832295903862871,-1.6670501235367812,0.10438773296603675,0.11147862117516716,0.43537019842269264,0.019573430544729042,0.12120535714285714,0.10895767001926386,0.9871291924480812,3.880830720127949,0.35127478753541075,0.11468042458030868,1.8832193442953975,-1.0362470756464954,0.7027957880800731,0.8022397785307359,0.8798406332252288,-1.4637179882197182,0.1111111111111111,0.08168834191459842,0.2807216267842454,0.8620973108884115,1.2933192540541798,0.5520130733564224,0.24955784245770504,1.4014646064680658,-1.8183680398370312,0.645021645021645,0.019785438962196353,0.03770765205742879,ADASYN,RandomForestClassifier
page-blocks0.dat,0.0018274853801169,-0.8828541252060029,0.9316420688826912,0.0266657378038281,-0.3758366094763585,0.4757942880021085,0.7753487620679712,-3.0,0.6594224398268302,,0.0,0.0,0.9946125489501616,50.52031227583343,2684.5662006578946,128.35131710023026,-6.680711822064493,4.902102792299474,0.1698881514096309,0.247211054982355,2.6263441632856885,-0.7592593982607356,0.2891534246719802,0.2686319782106683,0.768951696553062,17.500393987351664,342415.0076218365,1276696.4262491788,4.188922444743174,0.5369323070822123,3.514274557096779,2872230.8134471565,8431727.070675163,2.258819000621843,0.3187208827038321,0.924877567087898,0.0558242142025858,-1.1850024611774763,-0.1022823262280399,0.9565408685776768,0.0599726488745597,-1.25651390834528,-3.0,0.1066125636217967,,0.0,-3.0,3.992010146244237e-05,,0.0,-3.0,0.9901315789473684,,0.0,-3.0,0.9766081871345028,,0.0,-2.75,0.5,0.56263576850991,0.0,-0.4034364984559442,81.53425051944753,121.70653394442292,1.138678784127927,2595.112014562469,-0.7376621252405196,29.931656074316084,42.61657584866583,1.022333504767908,-0.7688028091014458,0.9881649958285772,0.0065336831595429,0.9181783226151948,5.395839254715256,470.4825018274854,624.7518845719782,2.701833953273147,547.2,-0.188363611358314,194.626625,305.13698422714936,1.2124325520907815,3.2833366026617234,652.3898570830213,1477.7096604704034,2.18349215297185,-3.0,0.0467137505332436,,0.0,-3.0,0.0458698830409356,,0.0,-3.0,0.0456871345029239,,0.0,150,-0.5967642479535393,9.96,3.297100617697536,0.2560063540148125,133.51050468595108,0.0066666666666666,0.0556436675000697,11.460766631244123,28.47893794137644,106251.0091738327,305490.28941847826,5.070520883579318,-2.75,0.5,0.0188561808316412,0.0,0.7694040272838887,-1.2277854034109148,0.9429776217990632,0.021082036814798,-0.6798708200120009,0.9467348126346568,-0.4223965226995241,89.17342328999999,134.3339436807099,1.1305748960251896,2.037245614964136,23320.6,45399.41965904165,1.8116977788472663,0.1586435420545955,253.39470347222223,407.9674176477226,1.2946643544472014,-0.4563443326836962,78.6377,115.55992315393968,1.1172684021067012,-0.4671285403454379,1.9121,2.717133557016781,1.1961121722377008,0.0705409356725146,,,,,22.11825591533857,0.0369152046783625,0.188570863846524,4.910622540597243,13.537627391705351,0.0540935672514619,0.2262229115715271,3.941465883387346,-1.231854233941419,0.8894260665341143,0.0616286395949908,-0.6984868391510751,149,14.9,0.0272295321637426,-1.5400956819602984,8.277777777777779,5.581540537453959,0.0981720079577126,-1.2911962149146263,14.9,5.506561742341788,0.0879672720951102,10,0,0,2,0.2888888888888889,1,5472,0.0,10,10,,31.220563504253136,0.0613496932515337,0.0158223439795566,5.39921694868263,-1.442230521840303,0.9499219365083602,0.0176944645243088,-0.0745690590522761,0.4348379541471695,2.902892325647442,0.9016756962329362,0.092655064425806,-2.0425859016043546,2.037395871727899,23318.6879,45397.14967494537,1.8117385974200704,0.7694040272838887,1.529402688857142,840.3700757931881,1551.346708565213,1.667194465340946,,1.9935040052768525,14.725488355077758,19.88926267854685,1.740802201016998,3.124581453759422,0.001862986606925,0.0027093214286294,2.128687827232876,52.00062305518374,0.0169491525423728,0.1234201094428584,7.284873799031729,0.0018274853801169,0.0003654970760233,0.2,-0.363842071443595,101.40680578562728,152.35694272221278,1.153636037743504,-0.4420641075181493,8.996655518394649,3.53173372995806,0.1467027393039584,-0.835901145398354,0.0555772305227007,0.0734815501048525,0.8698142253357529,9.581868555615047,0.036035410563151,0.0592386618915078,2.864151483464731,10.028714743649742,0.1153266331658291,0.0216156821812591,2.6270184503072067,3.253646312277035,2872230.8134471565,7347395.138392125,2.1775250082723665,2.202313388233676,0.1,0.1592184034078334,1.8619484770074175,0.5651620458528305,8.673313610113702,0.3886497623372182,0.1605064540947162,2.4636816856221886,-0.3785301099615004,0.9035108554958032,0.0125821108254842,0.9813697470583672,EditedNearestNeighbours,XGBClassifier
car-good.dat,0.0034722222222222,3.548356619628649,0.9600719182685844,0.0017739489564321,2.269267679743585,0.2419736982667841,0.9169610038584832,-3.0,0.3805672634694392,,0.0,,1.0,-0.0933165433069413,246.5150462962963,11.83727511319884,0.5035153106192919,19.77059319664185,0.0715934278788293,0.1761795059016426,4.64689229191938,4.392919113091732,0.0458333333333332,0.1240510195934915,2.4275364156605823,6.117527216648227,0.0090330052113491,0.0249735691952251,2.6523945981978367,1.0,-1.338413238823602,0.2006369426751593,0.1072519910163274,-0.3851459144606046,3.548356619628649,0.9600719182685844,0.0017739489564321,2.269267679743585,0.1337092490294309,0.98978735152717,0.0128375972717581,-1.176124281036545,-3.0,0.1846816941624026,,0.0,-3.0,0.0,,0.0,-3.0,0.6666666666666666,,0.0,-3.0,0.25,,0.0,-2.75,0.5,0.6506364479667884,0.0,,,,,0.9148219037980322,-3.0,0.0,0.0,0.0,1721.0034712175277,0.9994212962962964,0.0240562612162344,-41.49707844089927,20.14649724215481,18.25339988425926,42.94942889914147,4.698711429087765,288.0,-1.88671875,0.53125,0.375,0.46875,-1.88671875,-0.981504917362808,0.4161845531210706,-0.4687500000000001,-3.0,0.024830878302857,,0.0,-3.0,0.0341435185185184,,0.0,-3.0,0.0318287037037037,,0.0,99,2.2514782938738,9.030303030303031,2.0326646101705275,-1.1952868945180932,76.76434868648656,0.0101010101010101,0.0586357684615848,8.557552355961349,1.3346373181505964,9603.455122655125,9103.53260050555,1.4607615515640082,-2.75,0.5,0.0357124636962903,1.190202455131566e-15,0.1693601111428921,3.518627967083183,0.9100719182685844,0.1689496326960089,-2.258532287897874,0.9432374721364885,-3.0,0.0,0.0,0.0,-3.0,1.0,0.0,0.0,-1.8867187500000004,0.28125,0.0416666666666666,0.4687499999999994,-3.0,0.0,0.0,0.0,-3.0,0.0,0.0,0.0,0.0630787037037037,0.0029199581924452,0.3789478802010955,0.0641794216707572,0.851705352709661,20.05835848155149,0.0399305555555555,0.1958527619958257,4.695396642532755,16.360086687481143,0.046875,0.2114322693358386,4.283762136279518,-1.7167094215017913,0.7896020970560559,0.2614828161663541,-0.4798884767131221,98,6.125,0.0567129629629629,-1.1458409659374602,8.166666666666666,6.833518105410251,0.636967524039575,-1.7346760472932743,7.538461538461538,6.653512663941564,0.3115169310824569,6,0,6,2,0.0,1,1728,0.0,0,10,0.0,-2.0173847316704445,0.2857142857142856,0.0422577127364258,0.2683029380090571,1.6896307200466376,0.9089628982390108,0.1189788433123084,-1.727902357747036,0.1448314420246176,3.548356619628649,0.9600719182685844,0.0017739489564321,2.269267679743585,-3.0,1.0,0.0,0.0,0.1693601111428921,-1.8867187500000016,0.4475391490012304,0.0192014662332673,0.4687499999999974,,-1.88671875,0.985996360255074,0.2236026385812024,-0.4687500000000009,-2.305555555555556,0.2912565141864504,0.0456699758429322,2.2289716446109588e-15,564.010498679614,0.0017513134851138,0.0280202216691968,23.770206778478084,0.0092592592592592,0.0075231481481481,0.8125,-1.8867187500000004,0.1358381502890173,0.0693641618497109,0.4687499999999993,0.8215905103993104,8.081218274111675,2.371923902243008,-0.8630275089336481,2.378033577791592,0.0748931844235542,0.100816205412101,1.8213716155546111,18.20370915417704,0.0384509154040404,0.0846639431307837,4.2299192141653865,-0.8294940544324758,0.4098360655737704,0.0229222785363869,-0.3972652160112103,-1.8867187500000009,0.2006369426751585,0.0173711638679782,0.4687499999999988,4.671739309552052,0.0624999999999999,0.0668876335784535,2.1356664410146142,0.8551685579753824,0.1895831393923654,2.1750959861603367,0.0362744821281392,-0.7056579129499445,3.548356619628649,0.9600719182685844,0.0017739489564321,2.269267679743585,TomekLinks,LGBMClassifier
poker-8_vs_6.dat,0.0067704807041299,-1.5728571428570914,0.98849972421401,0.0032416207099093,0.7452708040897887,0.0906438583601651,0.9767154856561482,-3.0,0.0498178351791272,,0.0,0.0,0.7082599877437035,-0.3615055779685483,383.2059918754232,20.66792745829497,-0.0896295189718808,81.77577852039538,0.0233217996869562,0.1040150844261082,9.149730283014954,-0.5422211603564286,0.1240773583360356,0.1395099301794148,1.0763562007583265,-0.260366347338544,1.2478946067953118,2.1272584150763123,1.3078851089169972,0.9997137682954352,1.9744192342895583,7.586732701788762,10.219022667820695,1.7328061396070211,3.468362911479012,0.9776889134031992,0.0350372727282025,-2.241654414536611,-0.9894421576939156,0.9998558467663594,0.0001134385268919,-0.3794698412925069,-3.0,0.8213955248522297,,0.0,-3.0,0.5835262345679012,,0.0,-3.0,0.8300609343263372,,0.0,-3.0,0.6648612051455653,,0.0,-2.75,0.5,0.6908294416060853,-6.313918736985603e-17,-2.188249929741407,4.008718037949084,1.897997435930065,0.000605804483393,0.809859391094263,-2.1861285520353464,3.0676098068811,1.2158644144563924,0.0013549854769954,306.34429857704976,0.9983351649632694,0.0259756274522707,-17.075494513121217,84.71228356755478,8.843432633716994,40.69100183642067,9.268745288780432,147.7,-2.1408863771564546,4.1,2.0248456731316584,-0.0491455701747596,-1.9902335619373408,-1.2830664490595538,0.0854785997183497,-0.0785538319101673,-3.0,0.0113788487282477,,0.0,-3.0,0.011509817197021,,0.0,-3.0,0.011509817197021,,0.0,42,-0.0126809960155469,8.595238095238095,2.7502507540623773,-0.8969151985561395,4.697138307805885,0.0238095238095238,0.0450896501128567,2.3848871282065183,0.3411376628365703,4229.4227994228,4256.92278304928,1.1360648728001277,-2.75,0.5,0.2693740118805895,0.0,0.0024879914406463,-1.5728571428570914,0.98849972421401,0.0032416207099093,0.7452708040897887,0.9444994772015408,-2.1900000000000004,2.9652000000000003,1.5627976196552131,-6.399185319133996e-16,-2.19,8.5,4.743416490252569,0.0,-2.188983948276922,4.809140148950576,2.4386366837764046,0.000411031519478,-2.125306494101086,4.7,2.4517567397911053,-0.0545536628350171,-3.0,1.0,0.0,0.0,0.0074475287745429,2.459558546673805,0.3243860210747262,0.0645675953995228,-0.7127693522964109,290.0062348262835,0.0033852403520649,0.058103926364489,17.08244377393687,27.100041224971125,0.0311442112389979,0.1737662009818442,5.392744368081964,-1.5728571428570914,0.98849972421401,0.0032416207099093,0.7452708040897887,41,4.1,0.0277589708869329,-1.344172008043485,3.4166666666666665,1.97522534195852,0.3729177286040429,-0.2822915405180737,4.555555555555555,3.876567783204336,1.043449123379558,10,0,0,2,0.0,1,1477,0.0,10,0,,-1.2081030254047445,0.1333333333333333,0.0754385786034589,0.7561689487308202,-0.9433014824596806,0.985107556536128,0.0042800886116414,0.0839102760713702,0.0024818167019346,-1.5728571428570914,0.98849972421401,0.0032416207099093,0.7452708040897887,-2.19,7.5,4.743416490252569,0.0,0.0024879914406463,-2.189448279637228,2.424905018479194,1.3770210815553918,0.0002689042017908,,-1.453792606434882,-0.0186562951573205,0.0364057955166968,0.0254792451216206,-2.1899999999999995,0.1628947779862414,0.0912813497511862,-4.276469393513012e-16,381.49574520344703,0.0017574692442882,0.0113158891093173,18.62231388362248,0.0067704807041299,0.0047393364928909,0.7,-2.188130845715248,4.825930101465614,2.459464921044024,0.000423037978822,-0.3491664553947293,7.710843373493976,2.907224476729618,-0.669191275781964,0.95171268038428,0.0730795772703377,0.1111982972898977,1.522116244955183,5.098589929642925,0.0637555803571428,0.1136056804829677,2.398857146091862,-1.0767803028944811,0.2368421052631578,0.0788879248103568,-0.0315092328966065,-2.188921913846292,7.5867327017887645,6.679022192420098,0.0008166144995614,-1.8184277189185387,0.1,0.0886939540104367,0.2676915425154411,0.9975181832980652,0.0285459192099355,1.3620779582106548,0.0851249655200408,0.3699831238997121,-1.5728571428570914,0.98849972421401,0.0032416207099093,0.7452708040897887,ADASYN,GradientBoostingClassifier
kr-vs-k-zero_vs_fifteen.dat,0.0027359781121751,2.5326616689572887,0.9899916977999168,0.0180268786170174,-1.962659957874878,0.0957567964647243,0.975073125353639,-3.0,0.8506899988429801,,0.0,1.0,0.7057512171472009,8.488117172766998,321.906406748746,22.524303922984043,2.557562493231756,76.06125013144911,0.0245285589542854,0.1063805402585071,8.830221783900068,3.399522546023576,0.0844916748195116,0.0788772341716649,1.642234801697995,6.828851868933457,0.0150818544755082,0.0177328075506994,2.4428134892704296,0.9966478443354936,11.03058699674736,0.4919290468408265,1.313137675839995,3.419575744866022,2.361446734898223,0.984516396845164,0.016198266940102,-1.820967924755053,8.972797439711846,0.987222128510582,0.0344382619681204,-3.092913934013946,-3.0,0.0047359288197568,,0.0,-3.0,0.0,,0.0,-3.0,0.0811673506611947,,0.0,-3.0,0.0,,0.0,-2.75,0.5,0.6896951230998747,-6.345122874208712e-17,4.284337056923923,0.4353362690344844,1.2205391946156865,2.4236540601255587,3.640702325757722,4.616082786092857,0.3734646600738712,1.0391479508089492,2.451324210798753,104.95309028030157,0.9978382730289188,0.0212492160841879,-10.167388851332504,78.5596131548521,7.989968080255358,35.504776760447314,8.936856543679388,365.5,9.129889851281945,0.3809523809523809,1.1608699529314417,3.105879598352131,2.3716560204724217,3.884367216308992,6.971283145326907,1.840448353697964,-3.0,0.0,,0.0,-3.0,0.0,,0.0,-3.0,0.0013679890560875,,0.0,6,-2.080955212049148,2.833333333333333,0.983192080250175,0.2532995846859346,-0.0987876189142515,0.1666666666666666,0.3690448935145272,1.3517465310507863,-2.000493096646943,16.666666666666668,5.8878405775518985,0.3948453247273457,-2.75,0.5,0.2357022603955158,-1.655956890018044e-16,2.618907004518908,-1.6499999999999708,0.995433789954338,0.0064575961752196,-0.6363961030679237,0.8088042436563381,8.341411564625856,0.2118,0.7088183744796688,3.0414299433955554,4.171978635828635,1.761904761904762,2.1190743711526947,2.3992203067276003,4.477073318524059,0.6286018283282305,1.3366107216876384,2.46193584809807,5.935064009995253,0.5238095238095238,1.5368489717290903,2.6729199863451707,1.686318972033261,0.1428571428571428,0.358568582800318,1.897188268784752,0.0063839489284085,87.03156727336896,0.0772885599983848,0.0324356828655135,8.271402436598125,-3.0,0.0,0.0,0.0,42.65367397443121,0.0209758321933424,0.1433360219914107,6.680884928734743,-1.01412718169748,0.921917808219178,0.1137679884787057,-0.8536821955080018,5,0.238095238095238,0.0022799817601459,-1.6875,1.25,0.5,0.75,-1.6875,1.25,0.5,0.75,6,0,3,2,0.0,1,2193,0.0,3,18,1.0,12.640433411430916,0.1714285714285714,0.1538099955017459,3.137443103033484,-3.0,1.0,0.0,0.0,0.7236734741314695,-1.572976983879978,0.9876899128268992,0.0021929669974985,0.7448422196257559,4.5824005267090815,1.619047619047619,1.80211515936664,2.501071204399173,2.618907004518908,7.7412485128697135,0.4986961869459824,0.5053639460474804,2.9053340885100467,,0.1923544955443228,2.00235215408999,1.3346422678170562,0.6203891868140258,-1.4608843537414948,0.1801817214111921,0.0900513505652399,0.7347778569623433,1949.845219169537,0.0004768717215069,0.0004759663348009,43.46792266036646,0.0095759233926128,0.0054719562243502,0.5714285714285714,4.561620575437548,0.5177712694796979,1.4046368039085229,2.476443615395296,-1.1661966039270726,2.1818181818181817,1.2504544628399563,-0.0276662819350987,-2.333333333333333,0.2250678929757294,0.1912918265893657,0.3849001794597507,-2.080955212049148,0.3958333333333333,0.1228990100312718,-0.2532995846859346,4.7047341093057495,0.2905811623246493,0.1539147853957606,1.9885776114095075,11.158447526915252,0.4919290468408249,1.3088093024569178,3.4444913292608,4.531716250799494,0.0476190476190476,0.1248406429492305,2.421597148091095,0.2763265258685304,1.2347183257912748,2.06393116030555,0.0808926474357094,-0.1810388637992249,-1.572976983879978,0.9876899128268992,0.0021929669974985,0.7448422196257559,(no pre processing),LogisticRegression
abalone-21_vs_8.dat,0.0137693631669535,-1.0839578336068745,0.9810344827586206,0.0171453263105474,-0.4393013127004426,0.1638605128691584,0.9506473724295508,-3.0,0.6836474228820997,,0.0,0.1428571428571428,0.9710380208521938,-0.9220120846491032,194.8317555938038,17.370930637790288,-0.3522049079836701,36.11487384289048,0.0409573319384119,0.146012944316711,6.155524486338109,-1.501215805902907,0.538359133401774,0.2818769140406267,0.3625030390484817,7.450974653564906,0.0204272399081053,0.0284691965257791,2.6775130441009938,0.7943498130452846,0.4194194992589866,0.0780065752507566,0.1474320645454993,1.407057583683641,-1.1540528378574628,0.9672413793103448,0.0286781033330451,-0.5319565454021044,1.4709069927549674,0.9462968209238328,0.0624936671981329,-1.577206916525449,-3.0,0.0265516394951993,,0.0,-3.0,0.002469962190616,,0.0,-3.0,0.5111876075731497,,0.0,-3.0,0.0774526678141136,,0.0,-2.75,0.5,0.6730293459486416,6.828251340209039e-17,-1.4660128728367483,0.2003692496758446,0.2196905848130694,0.5043657607299019,0.8760677957554817,-1.5693580935680582,0.1819671959678033,0.2025201727355959,0.5014332389192933,-1.7152337314632076,0.9725782493937764,0.0311590926546091,-0.371891522664571,38.87514406720081,7.922117039586919,24.81458638569611,6.334011934792636,72.625,-0.7737711321286471,0.3067,0.3840465249593249,1.0277938756198235,3.565999485864779,29.95407539923593,94.2806143980312,2.275495502740382,-3.0,0.0064256855376455,,0.0,-3.0,0.0103270223752151,,0.0,-3.0,0.0447504302925989,,0.0,13,-1.5717486437665913,4.923076923076923,2.139374459257444,-0.0025101708549465,1.9576498062316432,0.0769230769230769,0.1555452845634118,1.8284017289414007,-0.3152648415875192,139.0857142857143,137.72689200023848,1.0826894609662243,-2.75,0.5,0.1631784879661263,2.495293064039535e-16,0.8774893119640975,-0.4354896578766474,0.9879310344827588,0.01826465354261,-1.0396811600448463,0.7923101306134299,0.6846046513485726,0.0754643399999999,0.0912831681600501,1.3021685104008194,0.1790238094665639,0.9169,0.3673987237623753,0.8493957256198069,-1.2043288467832671,0.3300107573149742,0.1730119204482414,0.4592970232348393,-1.3809630673249684,0.2182,0.215056995029483,0.4899957596454147,-0.373443953791432,0.0602,0.0913558974560482,1.156086806835504,0.027538726333907,5.737916683306745,0.1747994678223897,0.1220933563138839,1.709430921516229,77.73356353081192,0.0120481927710843,0.1091950378640993,8.92186986793203,59.356083480857954,0.0154905335628227,0.1235996400922013,7.826487888253084,-0.7104305179864343,0.8535359438924605,0.112482533244465,-0.9209225158440704,12,1.2,0.0206540447504302,-2.234375,1.5,0.5345224838248488,0.0,-1.8633614110464127,1.7142857142857142,0.951189731211342,0.4675020364718983,8,0,1,2,0.4222222222222222,1,581,2.0,7,8,7.0,26.853297160217576,0.135593220338983,0.0527759577967612,4.990322105837199,-1.0825110479677322,0.9810637054354178,0.0171488401421921,-0.4435713692676187,0.4673737988133364,-1.0839578336068745,0.9810344827586206,0.0171453263105474,-0.4393013127004426,-0.6659875788850811,0.8567,0.39522540685313,0.5248544357514076,0.8774893119640975,-1.7644185362376363,0.2189406838918299,0.182791782539996,0.4550060518788458,,3.3863391672571064,2.0080201674374023,4.489829466643826,2.2143543278401303,1.6324960130615178,0.0486923544666743,0.1150085017867858,1.8273536985096817,17.5616573414402,0.0285714285714285,0.0963097591837033,4.13402041784,0.0172117039586919,0.0051635111876075,0.3,-1.473827910007549,0.2907140401146132,0.1928201684152764,0.3448935262029913,-1.1740264833684084,4.16,2.2671568097509267,0.0160807525054444,-1.8528647854924991,0.1272475316129718,0.153118479576761,0.537115410951589,-1.6177201645570984,0.2181490384615384,0.1787356337803197,0.4402914524918136,5.553891635742453,0.2361111111111111,0.0727544934654862,1.1910740883903057,-1.4595158720818386,0.0780065752507564,0.0981766310218338,0.6613945664884536,1.76729765978466,0.0999999999999999,0.1794801071591572,1.7143902817080907,0.5326262011866636,-1.0027678042887622,0.8137892549939632,0.193945338284858,0.2167965352847953,2.4680733131362897,0.9690239625949736,0.0267024846546823,-1.9181525683698029,EditedNearestNeighbours,LGBMClassifier
car-vgood.dat,0.0034722222222222,-2.188083035642071,0.9623874176636644,0.0030049030119469,0.0015301444133457,0.2312515660155645,0.9219472639481492,-3.0,0.4274130323006034,,0.0,,1.0,-0.0933165433069413,246.5150462962963,11.83727511319884,0.5035153106192919,21.31682436958493,0.0713749011061205,0.1704113881291612,4.811137788196825,4.392919113091732,0.0458333333333332,0.1240510195934915,2.4275364156605823,6.117527216648227,0.0090330052113491,0.0249735691952251,2.6523945981978367,1.0,-1.338413238823602,0.2006369426751593,0.1072519910163274,-0.3851459144606046,-2.188083035642071,0.9623874176636644,0.0030049030119469,0.0015301444133457,-1.3133963633224737,0.99065366884068,0.008325739480988,-0.455014235993214,-3.0,0.1394637352004656,,0.0,-3.0,0.0,,0.0,-3.0,0.6666666666666666,,0.0,-3.0,0.0833333333333333,,0.0,-2.75,0.5,0.6539100904722818,7.444874563730702e-17,,,,,0.9171097643909608,-3.0,0.0,0.0,0.0,1721.0034712175277,0.9994212962962964,0.0240562612162344,-41.49707844089927,21.74298362033185,17.886863425925927,43.536892612368646,4.863901914054564,288.0,-1.88671875,0.53125,0.375,0.46875,-1.88671875,-0.981504917362808,0.4161845531210706,-0.4687500000000001,-3.0,0.001167520939285,,0.0,-3.0,0.0081018518518518,,0.0,-3.0,0.0167824074074074,,0.0,41,-0.6599722926880034,9.048780487804878,3.346275687329088,-0.627199786537647,27.52663554137447,0.024390243902439,0.0799842591858613,5.150246673538289,4.150021536878427,8243.887223887223,11617.08883645388,2.1012043746744835,-2.75,0.5,0.0172465068582084,0.0,0.2235138316656853,1.8790265557022163,0.950188197338352,0.0340628690018524,-1.7979453279107716,0.9618765539266118,-3.0,0.0,0.0,0.0,-3.0,1.0,0.0,0.0,-1.8867187500000004,0.28125,0.0416666666666666,0.4687499999999994,-3.0,0.0,0.0,0.0,-3.0,0.0,0.0,0.0,0.0538194444444444,-0.6575056578471465,0.3874774623250048,0.0623360210817604,0.6955175614619548,39.28180310864882,0.0225694444444444,0.1485693045523303,6.42332231630965,23.33395594025587,0.0353009259259259,0.1845927668897799,5.031943112658474,-0.8223357373655755,0.9542243581126496,0.0586409213714868,-0.7980369561597134,40,2.5,0.0231481481481481,-0.9382971938775512,2.857142857142857,1.511857892036909,0.594787842570324,-0.9626798431791036,2.857142857142857,1.83374953650638,0.8893539212794777,6,0,6,2,0.0,1,1728,0.0,0,10,0.0,-2.0173847316704445,0.2857142857142856,0.0422577127364258,0.2683029380090571,-1.3407572497060265,0.8748554913294798,0.1300930821143743,-0.6872685421391583,0.1826819001803966,-2.188083035642071,0.9623874176636644,0.0030049030119469,0.0015301444133457,-3.0,1.0,0.0,0.0,0.2235138316656853,-1.8867187500000016,0.4475391490012304,0.0192014662332673,0.4687499999999974,,-1.88671875,0.985996360255074,0.2236026385812024,-0.4687500000000009,-2.305555555555556,0.2912565141864504,0.0456699758429322,2.2289716446109588e-15,357.0164608742898,0.0027472527472527,0.0413732788567331,18.92182929317036,0.0092592592592592,0.0075231481481481,0.8125,-1.8867187500000004,0.1358381502890173,0.0693641618497109,0.4687499999999993,-0.6646102206084872,8.17283950617284,3.4561182107126704,-0.5065683852004889,1.6073805620018806,0.0615563969479665,0.1070029368427637,1.6833345935775648,2.897997083653971,0.0744718225990853,0.1367081730436375,2.020646186851016,-0.8294940544324758,0.4098360655737704,0.0229222785363869,-0.3972652160112103,-1.8867187500000009,0.2006369426751585,0.0173711638679782,0.4687499999999988,-1.032072455358753,0.0625,0.0462127946645335,0.3675756284110674,0.8173180998196033,0.1895831393923654,2.1750959861603367,0.0362744821281392,-0.7056579129499445,-2.188083035642071,0.9623874176636644,0.0030049030119469,0.0015301444133457,RandomOverSampler,XGBClassifier
dermatology-6.dat,0.0949720670391061,3.5699999999998964,0.997222222222222,0.0087841046115788,-2.276839915321202,0.310810717596308,0.8820697114545899,-3.0,0.9640434064771358,,0.0,0.0,0.8338853425298838,-0.931999348747508,56.77199720670391,9.652253952530351,0.109258314371814,12.843406486065945,0.0970882218342998,0.1983817675777781,3.844637806602444,2.7939358466442767,0.2302933487404009,0.2075155593581657,1.685146308367749,18.569278404881832,0.2519445344733856,0.3781976297754498,3.732339687255344,0.9990454282271568,27.07807834987204,7.628966604716157,40.236177602970855,5.313286072287863,-0.0746280991735433,0.9888888888888888,0.019422386077225,-1.1935618049010794,5.954723202590046,0.9092647077005748,0.2291710570051335,-2.739401120156966,-3.0,0.004147426730583,,0.0,-3.0,0.0,,0.0,-3.0,0.0111731843575419,,0.0,-3.0,0.0,,0.0,-2.75,0.5,0.6281004369198941,-5.600579369580846e-17,,,,,27.933477977241672,-3.0,0.0,0.0,0.0,28.48369002208308,0.9878542591380804,0.0515091080154559,-5.051127565024208,14.740391578547086,5.209148044692737,10.26752460732649,4.0061423691891775,10.529411764705882,25.308093731812463,1.3897058823529411,4.1942381005621,5.064570024143921,5.561872168239784,2.369870898230534,5.276915479991576,2.442254287789408,-3.0,0.0,,0.0,-3.0,0.0,,0.0,-3.0,0.0,,0.0,3,-2.333333333333333,1.6666666666666667,0.5773502691896257,-0.3849001794597507,-2.333333333333333,0.3333333333333333,0.5272181419842562,0.3805168698471588,-3.0,6.0,0.0,0.0,-2.75,0.5,0.2357022603955158,-1.655956890018044e-16,13.160232289266194,3.5699999999998964,0.997222222222222,0.0087841046115788,-2.276839915321202,0.6999781529914797,25.68464220609228,0.6976941176470588,3.058860887694532,5.124441881205229,27.117658893143272,5.029411764705882,12.369280849524069,5.318478524621836,26.65060858481724,1.7916529740387777,6.123560110628837,5.25343508644493,26.158663210110632,1.4411764705882353,5.9807325814099634,5.1859392333736345,-3.0,0.0,0.0,0.0,0.0055865921787709,-0.1223702083987818,0.3022276127653904,0.0608657942074511,0.0705949290668632,-3.0,0.0,0.0,0.0,351.0167363690272,0.0027932960893854,0.052851642258169,18.762628262221263,-1.739540816326531,0.9166666666666666,0.0692899516069248,2.15101497886514e-15,2,0.0588235294117647,0.0055865921787709,-3.0,1.0,0.0,0.0,-3.0,1.0,0.0,0.0,34,1,0,2,0.0980392156862745,1,358,0.0,34,23,,-0.4974462229109697,0.3063063063063063,0.2760792338842766,1.0131702945175396,-1.2937257540941665,0.9831746031746031,0.023720586391379,-0.7318676849958229,0.92937968957204,-0.3674999999996586,0.944126984126984,0.0006692651132631,-1.2807224523683731,27.117658893143272,5.029411764705882,12.369280849524069,5.318478524621836,13.160232289266194,26.73525944343508,1.261718938340883,2.4939872266558014,5.2641782961186125,,0.061041850623269,1.3883421521493529,1.2684972790530435,0.6190156261310142,11.43392736098778,0.2508485747240072,0.0613702495989204,0.3090688515175618,10.342560553633223,0.0588235294117647,0.2310185702161719,3.424032353454112,0.0949720670391061,0.0083798882681564,0.088235294117647,26.40504545730328,1.5555555555555556,6.140475483650733,5.219480238757961,-1.8179591836734688,1.2,0.8366600265340756,-0.2458755996345037,-3.0,0.3535533905932737,0.0,0.0,-3.0,0.5,0.0,0.0,-1.0380437917970358,0.426056338028169,0.2235757921725633,0.382826314173703,27.169661052387784,7.6289666047161555,40.14893938749244,5.325949744854049,27.00412158403421,0.0294117647058823,0.1628163568436411,5.303420717580625,0.0706203104279599,-0.7036336953301028,2.098575769792974,0.2179577984903364,0.0614867013439441,-0.3674999999996586,0.944126984126984,0.0006692651132631,-1.2807224523683731,EditedNearestNeighbours,ExtraTreesClassifier
kr-vs-k-three_vs_eleven.dat,0.0020442930153321,3.5461781528766005,0.9724025446356016,0.0010602937848733,-2.2687411267593576,0.1821988444820879,0.943283246300208,-3.0,0.4951326842753111,,0.0,1.0,0.7168841384206843,0.5753317334158576,473.0482112436116,51.4835322522591,0.8523005655682232,31.20733909660132,0.0521700770405477,0.1532112687599255,5.759802616010976,15.05399866931106,0.0793106557270608,0.0826219033520389,2.976909483061786,90.58406247522332,0.0234615990558131,0.0653701065699699,8.580635417780673,0.9971367820616888,5.423938697741967,0.6489872846328142,1.592380770471708,2.607012828639047,3.5461781528766005,0.9724025446356016,0.0010602937848733,-2.2687411267593576,6.110959899989178,0.9908066152156167,0.0189619930067124,-2.582863965560175,-3.0,0.076357405345259,,0.0,-3.0,0.0,,0.0,-3.0,0.2088586030664395,,0.0,-3.0,0.0299829642248722,,0.0,-2.75,0.5,0.6680773779319579,0.0,3.3191450103048368,0.4647957362735474,1.2229536615264145,2.1989693096843625,4.081930630457694,3.0309965716125307,0.3745372439836169,0.974181265088204,2.139832186913989,55.571611893691966,0.9971583131557415,0.0182415375661207,-7.25870561370646,32.58344606550974,24.697529812606472,71.59556193675166,5.845888207581841,489.1666666666667,2.312994404862532,0.6190476190476191,1.2440333788202984,1.892977834970648,0.0620059172788423,4.186868192800809,6.058336963256158,1.131000245596913,-3.0,0.0008426760531637,,0.0,-3.0,0.0017035775127768,,0.0,-3.0,0.0027257240204429,,0.0,17,-0.7176476853889651,4.588235294117647,1.175735064194511,-0.5244830984311882,9.980469054303391,0.0588235294117647,0.1942685707499207,3.3481101612476807,-1.245789127970626,104.4,50.63648223695376,0.3932260606607335,-2.75,0.5,0.2079725827019257,1.9284660623783467e-16,0.3247776982284389,-1.7088906063331668,0.988414478419354,0.0068486597585608,-0.2387638786304875,0.9423329434743114,3.1426831291707664,0.353,0.9264484831872736,2.1737452072129795,3.5028491883293507,1.809523809523809,2.159144451375304,2.24914132113778,3.439988950880693,0.6751521051350695,1.3959615206670644,2.2168825621413704,3.574381044441866,0.5714285714285714,1.3989792196965818,2.2084157780311853,1.686318972033261,0.1428571428571428,0.358568582800318,1.897188268784752,0.0228279386712095,19.191021445942447,0.1206775697541435,0.0752021623231403,3.7784424086428072,141.65823605453105,0.0068143100511073,0.0822811153034235,11.983737753690246,54.87547938961818,0.0166950596252129,0.1281480776890294,7.540343633738345,-1.278694930989866,0.9547108263100462,0.0468937600457471,-0.53846623570821,16,0.7619047619047619,0.0054514480408858,-1.8808539944903584,2.6666666666666665,1.2110601416389968,-0.0417031729214526,0.2213251313597335,1.7777777777777777,0.9718253158075502,1.1059603747752205,6,0,3,2,0.0047619047619047,1,2935,0.0,3,15,1.0,5.756436511801157,0.15,0.0908844284682075,2.172814442389086,-1.1938639582121024,0.990125606556616,0.0133672502788017,-0.7672138628230603,0.2451563750376749,3.5461781528766005,0.9724025446356016,0.0010602937848733,-2.2687411267593576,3.9638095238095232,1.6666666666666667,1.8257418583505536,2.35085999284757,0.3247776982284389,3.811958531590836,0.5485588173200233,0.6045444847171586,2.2919954869433408,,-0.9233592913973352,2.0554079431029617,1.3919240745448065,0.0303574628949675,-1.958333333333332,0.1663826403090206,0.0645717230238512,0.5379143536399207,1757.4116502525103,0.0005665722379603,0.0089214007397593,41.92997792851268,0.0071550255536626,0.0034071550255536,0.4761904761904761,3.4964684367776444,0.5857061734404153,1.443984816831235,2.221827963926128,-0.579163559376163,3.757575757575758,1.561855927860806,-0.4673409163365018,-1.231665988095683,0.1710342313037887,0.0652115821638119,-0.8612110027435116,0.0222374796129081,0.2095588235294117,0.1162801886007647,0.9989464455553748,1.4836398938978173,0.2591463414634146,0.0945517576814847,1.220245993606766,4.594034647852691,0.6489872846328141,1.5603865535576884,2.5029610982108585,2.851605442492872,0.0476190476190476,0.0917950354908418,1.9760960090289488,0.754843624962325,0.2485841642223962,2.011335372175262,0.1332977493615926,0.2784694364779752,3.5461781528766005,0.9724025446356016,0.0010602937848733,-2.2687411267593576,OneSidedSelection,AdaBoostClassifier
kr-vs-k-zero_vs_eight.dat,0.0041095890410958,-1.5728571428573326,0.9815068493150688,0.0033085335036961,0.7452708040895706,0.1328943181262368,0.9623301908560824,-3.0,0.4224657676737448,,0.0,1.0,0.6967025040452917,1.4716410208071045,240.96455479452047,26.8573219201039,1.1843607022853329,48.878017366342775,0.03816027163805,0.1281058683949172,7.124946081373908,24.970410184505283,0.0864836052039524,0.0918781718996472,3.744579361802463,15.01180297147583,0.0226386573294757,0.0424903283566007,3.669117484532032,0.9954538199367178,4.392933219148868,0.5436027678931904,1.239181955260235,2.4198558953754272,3.4707828934055005,0.9589041095890412,0.0676508328311829,-2.2441817328816507,4.130800887952451,0.9958000104163144,0.0053989406025064,-2.1601091672851203,-3.0,0.0772605247488483,,0.0,-3.0,0.0,,0.0,-3.0,0.7150684931506849,,0.0,-3.0,0.036986301369863,,0.0,-2.75,0.5,0.6809535166769081,0.0,5.051642586529974,0.3979599560442909,1.0720704715221288,2.442923488043349,1.7657054570666448,4.59129306135973,0.3332298155024617,0.8898090877934246,2.372636836732814,31.052810474265662,0.9949645662160876,0.0256910098560008,-5.486350614381809,50.92038142870534,9.02208904109589,32.44399508516124,7.236420758772104,243.3333333333333,5.268030278477431,0.4761904761904761,0.9807674351775564,2.3344738153450675,11.64706237343981,6.974845593750205,15.474700643419853,3.450485283351276,-3.0,0.0114250049267652,,0.0,-3.0,0.0034246575342465,,0.0,-3.0,0.0191780821917808,,0.0,20,-1.3545492253098916,6.45,2.8923674513595627,-0.0070360144651075,12.073275010430324,0.05,0.1395778650964567,3.5997000721753163,1.6264745450181728,797.4683982683985,1131.4152854752022,1.677274013217935,-2.75,0.5,0.4242640687119285,6.814637407481663e-17,0.2172518547037286,2.921839469815822,0.982191780821918,0.0306650838180471,-2.0560495686697955,0.8887192719084256,5.05577106875808,0.2824,0.7587447396852252,2.437788069840496,3.5028491883293507,1.809523809523809,2.159144451375304,2.24914132113778,4.841101308683628,0.5946510110893672,1.194463219276089,2.3817035134348816,4.674556920575305,0.5238095238095238,1.28914885172534,2.350467286376292,1.686318972033261,0.1428571428571428,0.358568582800318,1.897188268784752,0.0123287671232876,18.653733984559143,0.1079451269460803,0.0710292591147861,3.881710083717769,286.60630749436217,0.0034246575342465,0.0584402984250252,16.982638204861612,19.345548657838066,0.0410958904109589,0.198580028729927,4.6186899522454254,-1.1258566943653885,0.8472602739726026,0.1372922762451474,-0.4136996641944225,19,0.9047619047619048,0.0130136986301369,-1.3126721763085398,1.7272727272727273,0.4670993664969137,-0.8846578910926399,-0.4489465817653197,1.4615384615384617,0.6602252917735247,0.929973980320866,6,0,3,2,0.0095238095238095,1,1460,0.0,3,16,1.0,3.938746824264701,0.1666666666666666,0.1196620624716577,1.8284032705643585,1.831727022634377,0.973972602739726,0.0396498508604427,-1.6975155621400628,0.1784773248561665,-1.5728571428573326,0.9815068493150688,0.0033085335036961,0.7452708040895706,3.9638095238095232,1.6666666666666667,1.8257418583505536,2.35085999284757,0.2172518547037286,3.2121315342528103,0.5197381645574852,0.5358626303497827,2.1361530126958983,,3.2296533822818176,2.327543100115141,1.8963894998704929,1.3632810793275465,-1.9583333333333328,0.1660954992003655,0.0645939648784879,0.53791435363992,751.5685072045562,0.0013175230566534,0.0161357163557134,27.4292081946782,0.0143835616438356,0.0075342465753424,0.5238095238095238,5.757718234220564,0.4859752120026093,1.2013543809527878,2.5394009829140387,-1.1033154317043583,5.641025641025641,2.986700163683373,0.0219943468428208,0.2275642290683506,0.079984800680742,0.117004249490829,1.283342116897816,-0.5745903270589476,0.149755859375,0.1675103308884708,0.954310811184928,0.9063569705646936,0.2824858757062147,0.1199016963083961,1.0052568467426155,4.4550692868540684,0.5436027678931913,1.219457169417104,2.443494623113032,0.4541114690059826,0.0476190476190476,0.0604507373426841,1.2380918481162049,0.8215226751438335,1.2349711247277009,1.9568236170426927,0.1186897897362497,0.4789625345515866,-1.5728571428573326,0.9815068493150688,0.0033085335036961,0.7452708040895706,RandomOverSampler,RandomForestClassifier
kr-vs-k-zero-one_vs_draw.dat,0.0020682523267838,-2.1885649888701173,0.9638061381680292,0.0018040797688105,-0.0011701890739339,0.2245629870147285,0.9249984767471136,-3.0,0.6911044496490395,,0.0,1.0,0.8480013792806605,1.6066452094421866,439.9863840055153,35.854300586892606,1.3378926736868035,22.551734861347025,0.072339656170419,0.1692126881948349,4.9483148449732415,12.74735318734226,0.1110072113870326,0.1041065008683369,2.622228357617945,198.0169457818336,0.0397409641316142,0.2578484413524808,14.026352414963927,0.9950445149710564,13.738505920212557,0.5663445423100236,1.7547309659509374,3.8494587424681415,-1.270420828031746,0.3532800094797962,0.1199053028236391,-0.3878174951541982,7.584721176598311,0.9912636541008903,0.0196517109535214,-2.871906666070388,-3.0,0.0368204920112184,,0.0,-3.0,0.0,,0.0,-3.0,0.3519476042743881,,0.0,-3.0,0.0868665977249224,,0.0,-2.75,0.5,0.655920147594967,-7.376639987366481e-17,3.586478407002839,0.4500020847332207,1.2043195629046402,2.265451085428976,3.4035684709880374,3.3873178156471475,0.3714065263946463,0.9837059392575964,2.2213674430847443,47.37141135993452,0.9970184905013684,0.01832853300203,-6.73103442898306,23.18495305358115,33.60255084453637,83.837494358439,4.9953376222158425,483.5,2.72335600907029,0.4285714285714285,0.9258200997725516,1.998595770937572,-0.6846816111001597,2.4104263257913203,3.0336435873909497,0.4389533456836489,-3.0,0.008194461416683,,0.0,-3.0,0.0065494657014822,,0.0,-3.0,0.1061702861082385,,0.0,45,-1.2634656730477256,9.511111111111113,4.746396825833553,0.2999071360682604,34.71169980644365,0.0222222222222222,0.0975135438537065,5.880222793138902,6.1160694211738456,70997.11608913961,157377.8728768159,2.593082942989674,-2.75,0.5,0.1728483242900449,0.0,0.9143348930981564,-1.3045883566372842,0.9896575423628392,0.0094793646463377,-0.376034444285021,0.9397540412374294,3.1426831291707664,0.353,0.9264484831872736,2.1737452072129795,3.5028491883293507,1.809523809523809,2.159144451375304,2.24914132113778,3.692635563864571,0.6535184911606835,1.3425274548364534,2.2838011461140506,3.645302749198856,0.5714285714285714,1.5352989471574767,2.2798877189849978,1.686318972033261,0.1428571428571428,0.358568582800318,1.897188268784752,0.0213719407100999,32.73819218923857,0.1164382958552229,0.0725424029131547,4.936246264298914,126.78175781343944,0.0075835918648741,0.0867679445397076,11.346279331984098,9.789921198350502,0.0679076180627369,0.2516306812344171,3.433153968394499,-0.5183165841474899,0.7342244341746651,0.1252346914616015,0.7773944200491912,44,2.095238095238096,0.0151671837297483,-0.9219614288845056,2.4444444444444446,0.9217771979249536,0.366050391399507,-0.0545004650462632,2.4444444444444446,1.0416176459053668,0.5814106721678913,6,0,3,2,0.0095238095238095,1,2901,0.0,3,17,1.0,4.024793213856277,0.15,0.0859849737861706,2.066419858724844,-1.710308284286786,0.9706955800450292,0.0212758757495792,-0.3223405974397875,0.4776253603247017,-2.1885649888701173,0.9638061381680292,0.0018040797688105,-0.0011701890739339,3.9638095238095232,1.6666666666666667,1.8257418583505536,2.35085999284757,0.9143348930981564,3.8752522936667457,0.5419140926289875,0.535076949088758,2.3125785966764343,,-0.844390194250646,1.8288663947414303,0.988048728124116,-0.5503558756116028,-1.9583333333333333,0.1663793103448275,0.0645719809617684,0.5379143536399188,1158.1361767297428,0.0008554319931565,0.0135075831076037,34.018539950031,0.0072388831437435,0.003791795932437,0.5238095238095238,3.8400101756114937,0.5400016410929679,1.3878696338967595,2.316231895904272,-1.109686052561062,8.629213483146067,4.825081305183812,0.2851129910284617,-0.3949871272462069,0.0509188006998009,0.0821253418858676,1.1756978806134342,2.324708858060988,0.0824701944986979,0.1197115020887869,1.7062827443811093,0.3059996418463742,0.2591463414634146,0.0903921250473408,0.9660878072951145,4.605707280924257,0.5663445423100257,1.2869968620939272,2.5020173477441774,11.332453919935842,0.0476190476190476,0.1247131039484572,3.460938365681866,0.5223746396752983,1.000449535917169,2.04668374195754,0.098645596318862,-0.3404246057841843,-2.1885649888701173,0.9638061381680292,0.0018040797688105,-0.0011701890739339,ADASYN,XGBClassifier
poker-8-9_vs_6.dat,0.0067340067340067,-2.1899999999999995,0.9831761291492832,0.0034894230182038,1.7188625954150973e-13,0.1232806976782007,0.9657634630491624,-3.0,0.057497767231693,,0.0,0.0,0.7084848497693266,-0.3371451632069218,384.906734006734,20.92537472508914,-0.1125197123682249,54.332994307726615,0.0324506657375452,0.1241866240292983,7.502752245613358,-0.5034733649069425,0.1219009033463062,0.1382396137652277,1.1035668869126811,-0.2585533392695693,1.2410739621431444,2.117425158417348,1.3083433341759394,0.9997159374517866,1.9421543293482515,7.614040131775984,10.208571531750406,1.7216013364318647,-1.6354941043455982,0.9232541266098312,0.0436629138119729,0.5772896959901874,1.3169969570158775,0.9995565926596466,0.0007416822588876,-1.641560682313821,-3.0,0.8333366349379688,,0.0,-3.0,1.0,,0.0,-3.0,1.0,,0.0,-3.0,1.0,,0.0,-2.75,0.5,0.6832984720556873,-6.524994547780139e-17,-2.188224620800572,4.012962916309933,1.899824722575121,0.0006275026509936,1.872045121454373,-2.1859098892530966,3.0670747489964647,1.2131348434572546,0.0015131154317543,308.03203298614625,0.998344133771548,0.025905804500846,-17.122237303572952,56.73866450865944,12.505892255892256,47.220648433058585,7.620137536420693,148.5,-2.089438775510204,4.2,1.932183566158592,-0.0865046469032739,-1.9886408581308288,-1.285585580540842,0.0842365396339942,-0.0823133102825254,-3.0,0.0165562913907291,,0.0,-3.0,0.0168350168350168,,0.0,-3.0,0.0168350168350168,,0.0,46,-1.2286178532094456,7.5,2.518818064975008,-0.2979174108577147,10.120453689491514,0.0217391304347826,0.042484333962745,2.985056971072099,0.1490612144124612,2453.165367965368,2563.6898633709125,1.071674246633601,-2.75,0.5,0.2459501847605382,0.0,0.0033169590809176,-2.1899999999999995,0.9831761291492832,0.0034894230182038,1.7188625954150973e-13,0.9461324808126156,-2.1900000000000004,2.9652000000000003,1.5627976196552131,-6.399185319133996e-16,-2.19,8.5,4.743416490252569,0.0,-2.188992346875279,4.816632996632996,2.4436689326035554,0.0004079708120038,-2.105923517169615,4.8,2.3475755815545347,-0.0630712456256617,-3.0,1.0,0.0,0.0,0.0074074074074074,2.342391678437802,0.3253904711893001,0.0650175191461004,-0.7104084762871604,291.6062012057971,0.0033670033670033,0.0579476305488824,17.129209906864862,23.020798820171304,0.0356902356902356,0.1855791864397364,5.00052949582777,-2.1899999999999995,0.9831761291492832,0.0034894230182038,1.7188625954150973e-13,45,4.5,0.0303030303030303,-1.6219169679752072,4.090909090909091,1.8683974659876552,-0.2861315366502754,-1.535981039931054,4.5,3.13581462037113,0.3016003260270768,10,0,0,2,0.0,1,1485,0.0,10,0,,-1.2078004615470008,0.1333333333333333,0.0754034858987678,0.7559850523343015,-1.0299278660105105,0.9845320152367132,0.0083880619286927,0.2107753571557719,0.0033059932366299,-2.1899999999999995,0.9831761291492832,0.0034894230182038,1.7188625954150973e-13,-2.19,7.5,4.743416490252569,0.0,0.0033169590809176,-2.1895046807471297,2.4287773202790808,1.380451158246602,0.0002263588453019,,-1.5004997344807962,-0.0228012801154239,0.0372051482846246,0.0718369828635585,-2.1899999999999995,0.1628978332987767,0.0912810165875112,-2.1382581096661003e-16,488.72917140501374,0.0014970059880239,0.0116421648027692,21.368448982788205,0.0067340067340067,0.0047138047138047,0.7,-2.188154587853156,4.837710437710438,2.4671087145551045,0.0004155623197352,-0.933568499038024,6.593406593406593,2.7486482414210727,-0.2696085243300816,-1.7660333845246678,0.0866938702091791,0.0913777104406781,0.4653134581108443,3.097232145283474,0.0874235733695652,0.1089633014449169,1.7431603698791522,-1.091397575857148,0.2368421052631578,0.0788080789718722,-0.0343248768585319,-2.189053156918524,7.614040131775981,6.706245213580347,0.0007140733267889,-0.6147559429361795,0.1,0.0605877896808884,0.7523320623136215,0.99669400676337,0.1881544688053624,1.363654559544583,0.0863542301927941,0.4315407739692485,-2.1899999999999995,0.9831761291492832,0.0034894230182038,1.7188625954150973e-13,ADASYN,ExtraTreesClassifier
